dia,colonia_A,colonia_B,colonia_C,nascimentos,mortes,folhas,frutos
1,41,41,41,0,0,100.0,50.0
2,41,41,41,0,0,100.0,50.0
3,41,41,41,0,0,100.0,50.0
4,41,41,41,0,0,100.0,50.0
5,41,41,41,0,0,100.0,50.0
6,41,41,41,0,0,100.0,50.0
7,41,41,41,0,0,100.0,50.0
8,41,41,41,0,0,100.0,50.0
9,41,41,41,0,0,100.0,50.0
10,41,41,41,0,0,100.0,50.0
11,41,41,41,0,0,100.0,50.0
12,41,41,41,0,0,100.0,50.0
13,41,41,41,0,0,100.0,50.0
14,41,41,41,0,0,100.0,50.0
15,41,41,41,0,0,100.0,50.0
16,41,41,41,0,0,100.0,50.0
17,41,41,41,0,0,100.0,50.0
18,41,41,41,0,0,100.0,50.0
19,41,41,41,0,0,100.0,50.0
20,41,41,41,0,0,100.0,50.0
21,41,41,41,0,0,100.0,50.0
22,41,41,41,0,0,100.0,50.0
23,41,41,41,0,0,100.0,50.0
24,41,41,41,0,0,100.0,50.0
25,41,41,41,0,0,100.0,50.0
26,41,41,41,0,0,100.0,50.0
27,41,41,41,0,0,100.0,50.0
28,41,41,41,0,0,100.0,50.0
29,41,41,41,0,0,100.0,50.0
30,41,41,41,0,0,100.0,50.0
31,61,57,61,56,0,100.0,50.0
32,61,58,61,57,0,100.0,50.0
33,61,59,61,58,0,100.0,50.0
34,61,59,61,58,0,100.0,50.0
35,61,59,61,58,0,100.0,50.0
36,61,59,61,58,0,100.0,50.0
37,61,59,61,58,0,100.0,50.0
38,61,60,61,59,0,100.0,50.0
39,61,60,61,59,0,100.0,50.0
40,61,60,61,59,0,100.0,50.0
41,61,60,61,59,0,100.0,50.0
42,61,60,61,59,0,100.0,50.0
43,61,60,61,59,0,100.0,50.0
44,61,61,61,60,0,100.0,50.0
45,61,61,61,60,0,100.0,50.0
46,61,61,61,60,0,100.0,50.0
47,61,61,61,60,0,100.0,50.0
48,61,61,61,60,0,100.0,50.0
49,61,61,61,60,0,100.0,49.3
50,61,61,61,60,0,100.0,47.599999999999994
51,61,61,61,60,0,100.0,46.89999999999999
52,61,61,61,60,0,100.0,43.19999999999999
53,61,61,61,60,0,100.0,34.499999999999986
54,61,61,61,60,0,100.0,23.799999999999986
55,61,61,61,60,0,100.0,12.099999999999987
56,61,61,61,60,0,97.0,0.3999999999999872
57,61,61,61,60,0,79.0,0.6999999999999872
58,61,61,61,60,0,57.0,0.9999999999999871
59,61,61,61,60,0,30.0,1.2999999999999872
60,61,61,61,60,0,1.0,0.5999999999999872
61,61,61,61,60,0,1.0,0.8999999999999873
62,61,61,61,60,0,1.0,1.1999999999999873
63,61,61,61,60,0,1.0,0.4999999999999873
64,61,61,61,60,0,1.0,0.7999999999999873
65,61,61,61,60,0,1.0,1.0999999999999872
66,61,61,61,60,0,1.0,0.3999999999999872
67,61,61,61,60,0,1.0,0.6999999999999872
68,61,61,61,60,0,1.0,0.9999999999999871
69,61,61,61,60,0,1.0,1.2999999999999872
70,61,61,61,60,0,1.0,0.5999999999999872
71,67,67,67,78,0,1.0,0.8999999999999873
72,71,68,70,86,0,1.0,1.1999999999999873
73,72,69,71,89,0,1.0,0.4999999999999873
74,72,69,72,90,0,1.0,0.7999999999999873
75,73,70,72,92,0,1.0,1.0999999999999872
76,73,70,72,92,0,1.0,0.3999999999999872
77,73,70,72,92,0,1.0,0.6999999999999872
78,74,71,72,94,0,1.0,0.9999999999999871
79,74,72,73,96,0,1.0,1.2999999999999872
80,74,72,73,96,0,1.0,0.5999999999999872
81,74,72,73,96,0,1.0,0.8999999999999873
82,74,72,73,96,0,1.0,1.1999999999999873
83,74,72,74,97,0,1.0,0.4999999999999873
84,75,72,74,98,0,1.0,0.7999999999999873
85,75,72,75,99,0,1.0,1.0999999999999872
86,75,72,75,99,0,1.0,0.3999999999999872
87,75,72,75,99,0,1.0,0.6999999999999872
88,75,73,75,100,0,1.0,0.9999999999999871
89,75,73,75,100,0,1.0,1.2999999999999872
90,75,73,75,100,0,1.0,0.5999999999999872
91,75,73,75,100,0,1.0,0.8999999999999873
92,75,73,75,100,0,1.0,1.1999999999999873
93,75,73,75,100,0,1.0,0.4999999999999873
94,75,73,75,100,0,1.0,0.7999999999999873
95,75,73,75,100,0,1.0,1.0999999999999872
96,75,73,75,100,0,1.0,0.3999999999999872
97,75,74,75,101,0,1.0,0.6999999999999872
98,75,75,75,102,0,1.0,0.9999999999999871
99,75,75,75,102,0,1.0,1.2999999999999872
100,75,75,75,102,0,1.0,0.5999999999999872
101,76,76,75,104,0,1.0,0.8999999999999873
102,76,76,76,105,0,1.0,1.1999999999999873
103,76,77,76,106,0,1.0,0.4999999999999873
104,76,77,76,106,0,1.0,0.7999999999999873
105,76,77,76,106,0,1.0,1.0999999999999872
106,76,77,76,106,0,1.0,0.3999999999999872
107,76,77,76,106,0,1.0,0.6999999999999872
108,76,77,76,106,0,1.0,0.9999999999999871
109,76,77,76,106,0,1.0,1.2999999999999872
110,76,77,76,106,0,1.0,0.5999999999999872
111,82,80,81,120,0,1.0,0.8999999999999873
112,84,80,81,122,0,1.0,1.1999999999999873
113,84,81,82,124,0,1.0,0.4999999999999873
114,84,82,83,126,0,1.0,0.7999999999999873
115,84,82,83,126,0,1.0,1.0999999999999872
116,84,83,83,127,0,1.0,0.3999999999999872
117,85,83,83,128,0,1.0,0.6999999999999872
118,85,83,83,128,0,1.0,0.9999999999999871
119,85,83,83,128,0,1.0,1.2999999999999872
120,85,83,85,130,0,1.0,0.5999999999999872
121,85,83,85,130,0,1.0,0.8999999999999873
122,85,83,85,130,0,1.0,1.1999999999999873
123,85,83,85,130,0,1.0,0.4999999999999873
124,85,83,85,130,0,1.0,0.7999999999999873
125,86,83,85,131,0,1.0,1.0999999999999872
126,86,83,85,131,0,1.0,0.3999999999999872
127,86,83,85,131,0,1.0,0.6999999999999872
128,86,83,85,131,0,1.0,0.9999999999999871
129,86,83,85,131,0,1.0,1.2999999999999872
130,89,84,86,136,0,1.0,0.5999999999999872
131,89,84,86,136,0,1.0,0.8999999999999873
132,89,86,86,138,0,1.0,1.1999999999999873
133,90,88,86,141,0,1.0,0.4999999999999873
134,90,88,86,141,0,1.0,0.7999999999999873
135,91,88,86,142,0,1.0,1.0999999999999872
136,91,89,88,145,0,1.0,0.3999999999999872
137,92,93,89,151,0,1.0,0.6999999999999872
138,94,94,90,155,0,1.0,0.9999999999999871
139,95,96,91,159,0,1.0,1.2999999999999872
140,95,97,94,163,0,1.0,0.5999999999999872
141,95,97,94,163,0,1.0,0.8999999999999873
142,96,97,96,166,0,1.0,1.1999999999999873
143,97,98,96,168,0,1.0,0.4999999999999873
144,98,98,96,169,0,1.0,0.7999999999999873
145,98,98,96,169,0,1.0,1.0999999999999872
146,99,100,97,173,0,1.0,0.3999999999999872
147,99,101,98,175,0,1.0,0.6999999999999872
148,99,101,98,175,0,1.0,0.9999999999999871
149,99,101,98,175,0,1.0,1.2999999999999872
150,99,101,98,175,0,1.0,0.5999999999999872
151,102,102,99,180,0,1.0,0.8999999999999873
152,103,102,99,181,0,1.0,1.1999999999999873
153,103,102,100,182,0,1.0,0.4999999999999873
154,103,102,101,183,0,1.0,0.7999999999999873
155,103,102,101,183,0,1.0,1.0999999999999872
156,103,103,101,184,0,1.0,0.3999999999999872
157,104,103,101,185,0,1.0,0.6999999999999872
158,105,103,101,186,0,1.0,0.9999999999999871
159,105,103,101,186,0,1.0,1.2999999999999872
160,105,103,103,188,0,1.0,0.5999999999999872
161,106,103,103,189,0,1.0,0.8999999999999873
162,106,103,103,189,0,1.0,1.1999999999999873
163,106,103,103,189,0,1.0,0.4999999999999873
164,107,103,103,190,0,1.0,0.7999999999999873
165,108,103,103,191,0,1.0,1.0999999999999872
166,108,103,103,191,0,1.0,0.3999999999999872
167,108,103,103,191,0,1.0,0.6999999999999872
168,108,103,103,191,0,1.0,0.9999999999999871
169,108,103,103,191,0,1.0,1.2999999999999872
170,109,103,103,192,0,1.0,0.5999999999999872
171,109,103,103,192,0,1.0,0.8999999999999873
172,109,105,103,194,0,1.0,1.1999999999999873
173,110,105,103,195,0,1.0,0.4999999999999873
174,111,105,103,196,0,1.0,0.7999999999999873
175,111,105,103,196,0,1.0,1.0999999999999872
176,111,105,103,196,0,1.0,0.3999999999999872
177,111,107,103,198,0,1.0,0.6999999999999872
178,113,107,103,200,0,1.0,0.9999999999999871
179,115,108,103,203,0,1.0,1.2999999999999872
180,115,108,103,203,0,1.0,0.5999999999999872
181,115,108,103,203,0,1.0,0.8999999999999873
182,115,108,103,203,0,1.0,1.1999999999999873
183,116,108,103,204,0,1.0,0.4999999999999873
184,116,108,103,204,0,1.0,0.7999999999999873
185,116,108,103,204,0,1.0,1.0999999999999872
186,117,108,104,206,0,1.0,0.3999999999999872
187,117,108,105,207,0,1.0,0.6999999999999872
188,117,108,105,207,0,1.0,0.9999999999999871
189,117,108,105,207,0,1.0,1.2999999999999872
190,117,108,105,207,0,1.0,0.5999999999999872
191,118,108,105,208,0,1.0,0.8999999999999873
192,119,108,105,209,0,1.0,1.1999999999999873
193,119,108,106,210,0,1.0,0.4999999999999873
194,119,108,106,210,0,1.0,0.7999999999999873
195,119,108,106,210,0,1.0,1.0999999999999872
196,119,108,106,210,0,1.0,0.3999999999999872
197,120,108,106,211,0,1.0,0.6999999999999872
198,121,108,106,212,0,1.0,0.9999999999999871
199,121,108,106,212,0,1.0,1.2999999999999872
200,121,108,106,212,0,1.0,0.5999999999999872
201,122,108,106,213,0,1.0,0.8999999999999873
202,122,108,106,213,0,1.0,1.1999999999999873
203,122,108,106,213,0,1.0,0.4999999999999873
204,122,108,106,213,0,1.0,0.7999999999999873
205,122,108,106,213,0,1.0,1.0999999999999872
206,122,108,106,213,0,1.0,0.3999999999999872
207,122,108,106,213,0,1.0,0.6999999999999872
208,122,108,106,213,0,1.0,0.9999999999999871
209,122,108,106,213,0,1.0,1.2999999999999872
210,123,108,106,214,0,1.0,0.5999999999999872
211,123,108,106,214,0,1.0,0.8999999999999873
212,123,110,106,216,0,1.0,1.1999999999999873
213,123,110,106,216,0,1.0,0.4999999999999873
214,123,110,106,216,0,1.0,0.7999999999999873
215,123,110,106,216,0,1.0,1.0999999999999872
216,123,110,106,216,0,1.0,0.3999999999999872
217,123,110,106,216,0,1.0,0.6999999999999872
218,123,110,106,216,0,1.0,0.9999999999999871
219,124,110,106,217,0,1.0,1.2999999999999872
220,124,110,106,217,0,1.0,0.5999999999999872
221,124,110,106,217,0,1.0,0.8999999999999873
222,124,110,106,217,0,1.0,1.1999999999999873
223,124,110,106,217,0,1.0,0.4999999999999873
224,124,110,106,217,0,1.0,0.7999999999999873
225,124,110,106,217,0,1.0,1.0999999999999872
226,124,110,106,217,0,1.0,0.3999999999999872
227,124,110,106,217,0,1.0,0.6999999999999872
228,124,110,106,217,0,1.0,0.9999999999999871
229,124,111,106,218,0,1.0,1.2999999999999872
230,124,111,106,218,0,1.0,0.5999999999999872
231,121,107,99,218,14,1.0,0.8999999999999873
232,121,107,99,218,14,1.0,1.1999999999999873
233,121,106,99,218,15,1.0,0.4999999999999873
234,121,106,99,218,15,1.0,0.7999999999999873
235,122,106,99,219,15,1.0,1.0999999999999872
236,122,106,99,219,15,1.0,0.3999999999999872
237,122,106,99,219,15,1.0,0.6999999999999872
238,122,105,99,219,16,1.0,0.9999999999999871
239,122,104,99,220,18,1.0,1.2999999999999872
240,122,104,99,220,18,1.0,0.5999999999999872
241,122,104,99,220,18,1.0,0.8999999999999873
242,122,104,99,220,18,1.0,1.1999999999999873
243,123,104,99,221,18,1.0,0.4999999999999873
244,123,103,99,221,19,1.0,0.7999999999999873
245,124,103,99,222,19,1.0,1.0999999999999872
246,124,103,99,222,19,1.0,0.3999999999999872
247,123,103,99,222,20,1.0,0.6999999999999872
248,124,103,99,223,20,1.0,0.9999999999999871
249,125,103,99,224,20,1.0,1.2999999999999872
250,125,103,99,224,20,1.0,0.5999999999999872
251,125,103,99,224,20,1.0,0.8999999999999873
252,125,103,99,224,20,1.0,1.1999999999999873
253,125,103,99,224,20,1.0,0.4999999999999873
254,125,103,99,224,20,1.0,0.7999999999999873
255,125,103,99,224,20,1.0,1.0999999999999872
256,125,103,99,224,20,1.0,0.3999999999999872
257,125,103,99,224,20,1.0,0.6999999999999872
258,125,103,99,224,20,1.0,0.9999999999999871
259,123,101,96,224,27,1.0,1.2999999999999872
260,123,102,96,225,27,1.0,0.5999999999999872
261,123,102,96,225,27,1.0,0.8999999999999873
262,123,102,96,225,27,1.0,1.1999999999999873
263,123,102,96,225,27,1.0,0.4999999999999873
264,123,102,96,225,27,1.0,0.7999999999999873
265,123,102,96,225,27,1.0,1.0999999999999872
266,123,102,96,225,27,1.0,0.3999999999999872
267,123,102,96,225,27,1.0,0.6999999999999872
268,123,102,96,225,27,1.0,0.9999999999999871
269,123,102,96,225,27,1.0,1.2999999999999872
270,123,102,96,225,27,1.0,0.5999999999999872
271,117,96,90,225,45,1.0,0.8999999999999873
272,113,95,87,225,53,1.0,1.1999999999999873
273,112,94,86,225,56,1.0,0.4999999999999873
274,112,94,85,225,57,1.0,0.7999999999999873
275,112,93,85,226,59,1.0,1.0999999999999872
276,112,93,85,226,59,1.0,0.3999999999999872
277,112,93,85,226,59,1.0,0.6999999999999872
278,111,92,85,226,61,1.0,0.9999999999999871
279,112,91,84,227,63,1.0,1.2999999999999872
280,102,71,65,227,112,1.0,0.5999999999999872
281,102,71,65,227,112,1.0,0.8999999999999873
282,102,71,65,227,112,1.0,1.1999999999999873
283,103,71,64,228,113,1.0,0.4999999999999873
284,102,71,64,228,114,1.0,0.7999999999999873
285,102,71,63,228,115,1.0,1.0999999999999872
286,102,71,63,228,115,1.0,0.3999999999999872
287,102,70,61,228,118,1.0,0.6999999999999872
288,101,69,61,229,121,1.0,0.9999999999999871
289,101,69,61,229,121,1.0,1.2999999999999872
290,102,69,61,230,121,1.0,0.5999999999999872
291,102,69,61,230,121,1.0,0.8999999999999873
292,102,69,61,230,121,1.0,1.1999999999999873
293,102,69,61,230,121,1.0,0.4999999999999873
294,102,69,61,230,121,1.0,0.7999999999999873
295,102,69,60,230,122,1.0,1.0999999999999872
296,102,69,60,230,122,1.0,0.3999999999999872
297,102,68,60,230,123,1.0,0.6999999999999872
298,102,67,60,230,124,1.0,0.9999999999999871
299,102,67,60,230,124,1.0,1.2999999999999872
300,102,68,60,231,124,1.0,0.5999999999999872
301,101,67,60,231,126,1.0,0.8999999999999873
302,101,67,59,231,127,1.0,1.1999999999999873
303,100,64,59,231,131,1.0,0.4999999999999873
304,100,64,59,231,131,1.0,0.7999999999999873
305,101,64,59,232,131,1.0,1.0999999999999872
306,101,64,59,232,131,1.0,0.3999999999999872
307,101,64,59,232,131,1.0,0.6999999999999872
308,101,64,59,232,131,1.0,0.9999999999999871
309,101,64,59,232,131,1.0,1.2999999999999872
310,101,64,59,232,131,1.0,0.5999999999999872
311,95,61,54,232,145,1.0,0.8999999999999873
312,93,61,54,232,147,1.0,1.1999999999999873
313,93,60,53,232,149,1.0,0.4999999999999873
314,93,59,52,232,151,1.0,0.7999999999999873
315,93,59,52,232,151,1.0,1.0999999999999872
316,93,58,52,232,152,1.0,0.3999999999999872
317,92,58,52,232,153,1.0,0.6999999999999872
318,92,58,52,232,153,1.0,0.9999999999999871
319,93,58,52,233,153,1.0,1.2999999999999872
320,92,55,46,233,163,1.0,0.5999999999999872
321,92,55,46,233,163,1.0,0.8999999999999873
322,92,55,46,233,163,1.0,1.1999999999999873
323,92,55,46,233,163,1.0,0.4999999999999873
324,92,55,46,233,163,1.0,0.7999999999999873
325,91,55,46,233,164,1.0,1.0999999999999872
326,91,55,46,233,164,1.0,0.3999999999999872
327,92,55,46,234,164,1.0,0.6999999999999872
328,93,55,46,235,164,1.0,0.9999999999999871
329,93,55,46,235,164,1.0,1.2999999999999872
330,91,54,45,236,169,1.0,0.5999999999999872
331,91,54,45,236,169,1.0,0.8999999999999873
332,91,52,45,236,171,1.0,1.1999999999999873
333,90,50,45,236,174,1.0,0.4999999999999873
334,90,51,45,237,174,1.0,0.7999999999999873
335,86,50,45,237,179,1.0,1.0999999999999872
336,85,49,43,237,183,1.0,0.3999999999999872
337,84,45,42,237,189,1.0,0.6999999999999872
338,82,44,41,237,193,1.0,0.9999999999999871
339,81,42,40,237,197,1.0,1.2999999999999872
340,80,27,25,237,228,1.0,0.5999999999999872
341,80,27,25,237,228,1.0,0.8999999999999873
342,79,27,23,237,231,1.0,1.1999999999999873
343,77,26,23,237,234,1.0,0.4999999999999873
344,75,26,23,237,236,1.0,0.7999999999999873
345,76,26,23,238,236,1.0,1.0999999999999872
346,75,24,22,238,240,1.0,0.3999999999999872
347,75,23,21,238,242,1.0,0.6999999999999872
348,74,23,21,238,243,1.0,0.9999999999999871
349,74,23,21,238,243,1.0,1.2999999999999872
350,74,23,21,238,243,1.0,0.5999999999999872
351,71,22,19,238,249,1.0,0.8999999999999873
352,70,22,19,238,250,1.0,1.1999999999999873
353,70,22,18,238,251,1.0,0.4999999999999873
354,70,22,17,238,252,1.0,0.7999999999999873
355,70,22,17,238,252,1.0,1.0999999999999872
356,70,21,17,238,253,1.0,0.3999999999999872
357,69,21,17,238,254,1.0,0.6999999999999872
358,68,21,17,238,255,1.0,0.9999999999999871
359,68,21,17,238,255,1.0,1.2999999999999872
360,68,18,13,238,262,1.0,0.5999999999999872
361,67,18,13,238,263,1.0,0.8999999999999873
362,67,18,13,238,263,1.0,1.1999999999999873
363,66,18,13,238,264,1.0,0.4999999999999873
364,65,18,13,238,265,1.0,0.7999999999999873
365,64,18,13,238,266,1.0,1.0999999999999872
366,64,18,13,238,266,1.0,0.3999999999999872
367,65,18,13,239,266,1.0,0.6999999999999872
368,65,18,13,239,266,1.0,0.9999999999999871
369,65,18,13,239,266,1.0,1.2999999999999872
370,64,18,13,239,267,1.0,0.5999999999999872
371,64,18,13,239,267,1.0,0.8999999999999873
372,64,16,13,239,269,1.0,1.1999999999999873
373,63,16,13,239,270,1.0,0.4999999999999873
374,62,17,13,240,271,1.0,0.7999999999999873
375,62,17,13,240,271,1.0,1.0999999999999872
376,62,17,13,240,271,1.0,0.3999999999999872
377,62,15,13,240,273,1.0,0.6999999999999872
378,60,15,13,240,275,1.0,0.9999999999999871
379,58,14,13,240,278,1.0,1.2999999999999872
380,58,14,10,240,281,1.0,0.5999999999999872
381,58,14,10,240,281,1.0,0.8999999999999873
382,58,14,10,240,281,1.0,1.1999999999999873
383,57,14,10,240,282,1.0,0.4999999999999873
384,57,14,10,240,282,1.0,0.7999999999999873
385,57,14,10,240,282,1.0,1.0999999999999872
386,56,14,9,240,284,1.0,0.3999999999999872
387,56,14,8,240,285,1.0,0.6999999999999872
388,56,14,8,240,285,1.0,0.9999999999999871
389,56,14,8,240,285,1.0,1.2999999999999872
390,56,14,8,240,285,1.0,0.5999999999999872
391,55,14,8,240,286,1.0,0.8999999999999873
392,54,14,8,240,287,1.0,1.1999999999999873
393,54,14,7,240,288,1.0,0.4999999999999873
394,54,14,7,240,288,1.0,0.7999999999999873
395,54,13,7,240,289,1.0,1.0999999999999872
396,54,13,7,240,289,1.0,0.3999999999999872
397,53,13,7,240,290,1.0,0.6999999999999872
398,52,13,7,240,291,1.0,0.9999999999999871
399,52,13,7,240,291,1.0,1.2999999999999872
400,52,12,6,240,293,1.0,0.5999999999999872
401,51,12,6,240,294,1.0,0.8999999999999873
402,51,12,6,240,294,1.0,1.1999999999999873
403,50,12,5,240,296,1.0,0.4999999999999873
404,50,12,5,240,296,1.0,0.7999999999999873
405,50,12,5,240,296,1.0,1.0999999999999872
406,50,12,5,240,296,1.0,0.3999999999999872
407,50,12,5,240,296,1.0,0.6999999999999872
408,50,12,5,240,296,1.0,0.9999999999999871
409,50,12,5,240,296,1.0,1.2999999999999872
410,49,12,5,240,297,1.0,0.5999999999999872
411,49,12,5,240,297,1.0,0.8999999999999873
412,49,10,5,240,299,1.0,1.1999999999999873
413,49,10,5,240,299,1.0,0.4999999999999873
414,49,10,5,240,299,1.0,0.7999999999999873
415,49,10,5,240,299,1.0,1.0999999999999872
416,49,10,5,240,299,1.0,0.3999999999999872
417,49,10,5,240,299,1.0,0.6999999999999872
418,49,10,5,240,299,1.0,0.9999999999999871
419,48,10,5,240,300,1.0,1.2999999999999872
420,48,10,5,240,300,1.0,0.5999999999999872
421,48,10,5,240,300,1.0,0.8999999999999873
422,48,10,5,240,300,1.0,1.1999999999999873
423,48,10,5,240,300,1.0,0.4999999999999873
424,48,10,5,240,300,1.0,0.7999999999999873
425,48,10,5,240,300,1.0,1.0999999999999872
426,48,10,5,240,300,1.0,0.3999999999999872
427,48,10,5,240,300,1.0,0.6999999999999872
428,48,10,5,240,300,1.0,0.9999999999999871
429,48,9,5,240,301,1.0,1.2999999999999872
430,48,9,5,240,301,1.0,0.5999999999999872
431,48,9,5,240,301,1.0,0.8999999999999873
432,48,9,5,240,301,1.0,1.1999999999999873
433,48,9,5,240,301,1.0,0.4999999999999873
434,48,9,5,240,301,1.0,0.7999999999999873
435,47,9,5,240,302,1.0,1.0999999999999872
436,48,9,5,241,302,1.0,0.3999999999999872
437,48,9,5,241,302,1.0,0.6999999999999872
438,48,9,5,241,302,1.0,0.9999999999999871
439,47,9,5,241,303,1.0,1.2999999999999872
440,46,9,5,241,304,1.0,0.5999999999999872
441,46,9,5,241,304,1.0,0.8999999999999873
442,46,9,5,241,304,1.0,1.1999999999999873
443,45,9,5,241,305,1.0,0.4999999999999873
444,45,9,5,241,305,1.0,0.7999999999999873
445,44,9,5,241,306,1.0,1.0999999999999872
446,44,9,5,241,306,1.0,0.3999999999999872
447,44,9,5,241,306,1.0,0.6999999999999872
448,43,9,5,241,307,1.0,0.9999999999999871
449,42,9,5,241,308,1.0,1.2999999999999872
450,42,9,5,241,308,1.0,0.5999999999999872
451,42,9,5,241,308,1.0,0.8999999999999873
452,42,9,5,241,308,1.0,1.1999999999999873
453,42,9,5,241,308,1.0,0.4999999999999873
454,42,9,5,241,308,1.0,0.7999999999999873
455,41,9,5,241,309,1.0,1.0999999999999872
456,39,9,5,241,311,1.0,0.3999999999999872
457,39,9,5,241,311,1.0,0.6999999999999872
458,39,9,5,241,311,1.0,0.9999999999999871
459,39,9,5,241,311,1.0,1.2999999999999872
460,39,8,5,241,312,1.0,0.5999999999999872
461,39,8,5,241,312,1.0,0.8999999999999873
462,39,8,5,241,312,1.0,1.1999999999999873
463,39,6,5,241,314,1.0,0.4999999999999873
464,39,6,5,241,314,1.0,0.7999999999999873
465,39,6,5,241,314,1.0,1.0999999999999872
466,39,6,5,241,314,1.0,0.3999999999999872
467,38,6,5,241,315,1.0,0.6999999999999872
468,38,6,5,241,315,1.0,0.9999999999999871
469,38,6,5,241,315,1.0,1.2999999999999872
470,38,6,5,241,315,1.0,0.5999999999999872
471,37,6,5,241,316,1.0,0.8999999999999873
472,37,6,5,241,316,1.0,1.1999999999999873
473,37,6,5,241,316,1.0,0.4999999999999873
474,37,6,5,241,316,1.0,0.7999999999999873
475,36,6,5,241,317,1.0,1.0999999999999872
476,37,6,5,242,317,1.0,0.3999999999999872
477,38,6,5,243,317,1.0,0.6999999999999872
478,38,6,5,243,317,1.0,0.9999999999999871
479,37,6,5,243,318,1.0,1.2999999999999872
480,37,6,5,243,318,1.0,0.5999999999999872
481,37,6,5,243,318,1.0,0.8999999999999873
482,37,6,5,243,318,1.0,1.1999999999999873
483,36,6,5,243,319,1.0,0.4999999999999873
484,36,6,5,243,319,1.0,0.7999999999999873
485,36,6,5,243,319,1.0,1.0999999999999872
486,36,6,5,243,319,1.0,0.3999999999999872
487,36,6,5,243,319,1.0,0.6999999999999872
488,35,6,5,243,320,1.0,0.9999999999999871
489,35,6,5,243,320,1.0,1.2999999999999872
490,34,6,5,243,321,1.0,0.5999999999999872
491,34,6,5,243,321,1.0,0.8999999999999873
492,34,6,5,243,321,1.0,1.1999999999999873
493,34,6,5,243,321,1.0,0.4999999999999873
494,34,6,5,243,321,1.0,0.7999999999999873
495,34,6,5,243,321,1.0,1.0999999999999872
496,34,6,5,243,321,1.0,0.3999999999999872
497,34,6,5,243,321,1.0,0.6999999999999872
498,34,6,5,243,321,1.0,0.9999999999999871
499,34,6,5,243,321,1.0,1.2999999999999872
500,34,4,5,243,323,1.0,0.5999999999999872
501,34,4,5,243,323,1.0,0.8999999999999873
502,34,4,5,243,323,1.0,1.1999999999999873
503,34,4,5,243,323,1.0,0.4999999999999873
504,34,4,5,243,323,1.0,0.7999999999999873
505,33,4,5,243,324,1.0,1.0999999999999872
506,33,4,5,243,324,1.0,0.3999999999999872
507,33,4,4,243,325,1.0,0.6999999999999872
508,33,4,4,243,325,1.0,0.9999999999999871
509,33,4,4,243,325,1.0,1.2999999999999872
510,34,4,4,244,325,1.0,0.5999999999999872
511,34,4,4,244,325,1.0,0.8999999999999873
512,34,4,4,244,325,1.0,1.1999999999999873
513,34,4,4,244,325,1.0,0.4999999999999873
514,34,4,4,244,325,1.0,0.7999999999999873
515,34,4,4,244,325,1.0,1.0999999999999872
516,34,4,4,244,325,1.0,0.3999999999999872
517,35,4,4,245,325,1.0,0.6999999999999872
518,36,4,4,246,325,1.0,0.9999999999999871
519,35,4,4,246,326,1.0,1.2999999999999872
520,35,4,4,246,326,1.0,0.5999999999999872
521,35,4,4,246,326,1.0,0.8999999999999873
522,35,4,4,246,326,1.0,1.1999999999999873
523,35,4,4,246,326,1.0,0.4999999999999873
524,35,4,4,246,326,1.0,0.7999999999999873
525,35,4,4,246,326,1.0,1.0999999999999872
526,35,4,4,246,326,1.0,0.3999999999999872
527,34,4,4,246,327,1.0,0.6999999999999872
528,33,4,4,246,328,1.0,0.9999999999999871
529,33,4,4,246,328,1.0,1.2999999999999872
530,32,4,4,246,329,1.0,0.5999999999999872
531,32,4,4,246,329,1.0,0.8999999999999873
532,32,4,4,246,329,1.0,1.1999999999999873
533,32,4,4,246,329,1.0,0.4999999999999873
534,32,3,4,246,330,1.0,0.7999999999999873
535,32,3,4,246,330,1.0,1.0999999999999872
536,32,3,4,246,330,1.0,0.3999999999999872
537,32,3,4,246,330,1.0,0.6999999999999872
538,32,3,4,246,330,1.0,0.9999999999999871
539,32,2,4,246,331,1.0,1.2999999999999872
540,32,2,4,246,331,1.0,0.5999999999999872
541,32,2,4,246,331,1.0,0.8999999999999873
542,32,2,4,246,331,1.0,1.1999999999999873
543,32,2,4,246,331,1.0,0.4999999999999873
544,32,2,4,246,331,1.0,0.7999999999999873
545,31,2,4,246,332,1.0,1.0999999999999872
546,31,2,4,246,332,1.0,0.3999999999999872
547,31,2,4,246,332,1.0,0.6999999999999872
548,31,2,4,246,332,1.0,0.9999999999999871
549,31,2,4,246,332,1.0,1.2999999999999872
550,32,2,4,247,332,1.0,0.5999999999999872
551,32,2,4,247,332,1.0,0.8999999999999873
552,32,2,4,247,332,1.0,1.1999999999999873
553,32,2,4,247,332,1.0,0.4999999999999873
554,32,2,4,247,332,1.0,0.7999999999999873
555,32,2,4,247,332,1.0,1.0999999999999872
556,32,2,4,247,332,1.0,0.3999999999999872
557,33,2,4,248,332,1.0,0.6999999999999872
558,33,2,4,248,332,1.0,0.9999999999999871
559,33,2,4,248,332,1.0,1.2999999999999872
560,33,2,4,248,332,1.0,0.5999999999999872
561,33,2,4,248,332,1.0,0.8999999999999873
562,33,2,4,248,332,1.0,1.1999999999999873
563,33,2,4,248,332,1.0,0.4999999999999873
564,33,2,4,248,332,1.0,0.7999999999999873
565,33,2,4,248,332,1.0,1.0999999999999872
566,33,2,4,248,332,1.0,0.3999999999999872
567,33,2,4,248,332,1.0,0.6999999999999872
568,33,2,4,248,332,1.0,0.9999999999999871
569,33,2,4,248,332,1.0,1.2999999999999872
570,33,2,4,248,332,1.0,0.5999999999999872
571,33,2,4,248,332,1.0,0.8999999999999873
572,33,2,4,248,332,1.0,1.1999999999999873
573,33,2,4,248,332,1.0,0.4999999999999873
574,33,1,4,248,333,1.0,0.7999999999999873
575,33,1,4,248,333,1.0,1.0999999999999872
576,33,1,4,248,333,1.0,0.3999999999999872
577,33,1,4,248,333,1.0,0.6999999999999872
578,33,1,4,248,333,1.0,0.9999999999999871
579,33,1,4,248,333,1.0,1.2999999999999872
580,33,1,4,248,333,1.0,0.5999999999999872
581,33,1,4,248,333,1.0,0.8999999999999873
582,33,1,4,248,333,1.0,1.1999999999999873
583,33,1,4,248,333,1.0,0.4999999999999873
584,33,1,4,248,333,1.0,0.7999999999999873
585,33,1,4,248,333,1.0,1.0999999999999872
586,33,1,4,248,333,1.0,0.3999999999999872
587,33,1,4,248,333,1.0,0.6999999999999872
588,33,1,4,248,333,1.0,0.9999999999999871
589,33,1,4,248,333,1.0,1.2999999999999872
590,33,1,4,248,333,1.0,0.5999999999999872
591,33,1,4,248,333,1.0,0.8999999999999873
592,34,1,4,249,333,1.0,1.1999999999999873
593,34,1,4,249,333,1.0,0.4999999999999873
594,34,1,4,249,333,1.0,0.7999999999999873
595,34,1,4,249,333,1.0,1.0999999999999872
596,34,1,4,249,333,1.0,0.3999999999999872
597,34,1,4,249,333,1.0,0.6999999999999872
598,34,1,4,249,333,1.0,0.9999999999999871
599,34,1,4,249,333,1.0,1.2999999999999872
600,34,1,4,249,333,1.0,0.5999999999999872
601,34,1,4,249,333,1.0,0.8999999999999873
602,34,1,4,249,333,1.0,1.1999999999999873
603,34,1,3,249,334,1.0,0.4999999999999873
604,34,1,3,249,334,1.0,0.7999999999999873
605,34,1,3,249,334,1.0,1.0999999999999872
606,34,1,3,249,334,1.0,0.3999999999999872
607,34,1,3,249,334,1.0,0.6999999999999872
608,34,1,3,249,334,1.0,0.9999999999999871
609,34,1,3,249,334,1.0,1.2999999999999872
610,34,1,3,249,334,1.0,0.5999999999999872
611,34,1,3,249,334,1.0,0.8999999999999873
612,34,1,3,249,334,1.0,1.1999999999999873
613,34,1,3,249,334,1.0,0.4999999999999873
614,34,1,3,249,334,1.0,0.7999999999999873
615,34,1,3,249,334,1.0,1.0999999999999872
616,34,1,3,249,334,1.0,0.3999999999999872
617,34,1,3,249,334,1.0,0.6999999999999872
618,34,1,3,249,334,1.0,0.9999999999999871
619,34,1,3,249,334,1.0,1.2999999999999872
620,34,0,3,249,335,1.0,0.5999999999999872
621,34,0,3,249,335,1.0,0.8999999999999873
622,34,0,3,249,335,1.0,1.1999999999999873
623,35,0,3,250,335,1.0,0.4999999999999873
624,35,0,3,250,335,1.0,0.7999999999999873
625,35,0,3,250,335,1.0,1.0999999999999872
626,35,0,3,250,335,1.0,0.3999999999999872
627,35,0,3,250,335,1.0,0.6999999999999872
628,35,0,3,250,335,1.0,0.9999999999999871
629,35,0,3,250,335,1.0,1.2999999999999872
630,35,0,3,250,335,1.0,0.5999999999999872
631,35,0,3,250,335,1.0,0.8999999999999873
632,36,0,3,251,335,1.0,1.1999999999999873
633,36,0,3,251,335,1.0,0.4999999999999873
634,36,0,3,251,335,1.0,0.7999999999999873
635,37,0,3,252,335,1.0,1.0999999999999872
636,37,0,3,252,335,1.0,0.3999999999999872
637,37,0,2,252,336,1.0,0.6999999999999872
638,37,0,2,252,336,1.0,0.9999999999999871
639,37,0,2,252,336,1.0,1.2999999999999872
640,37,0,1,252,337,1.0,0.5999999999999872
641,37,0,1,252,337,1.0,0.8999999999999873
642,37,0,1,252,337,1.0,1.1999999999999873
643,37,0,1,252,337,1.0,0.4999999999999873
644,37,0,1,252,337,1.0,0.7999999999999873
645,37,0,1,252,337,1.0,1.0999999999999872
646,37,0,1,252,337,1.0,0.3999999999999872
647,37,0,1,252,337,1.0,0.6999999999999872
648,37,0,1,252,337,1.0,0.9999999999999871
649,37,0,1,252,337,1.0,1.2999999999999872
650,37,0,1,252,337,1.0,0.5999999999999872
651,37,0,1,252,337,1.0,0.8999999999999873
652,37,0,1,252,337,1.0,1.1999999999999873
653,37,0,1,252,337,1.0,0.4999999999999873
654,37,0,1,252,337,1.0,0.7999999999999873
655,37,0,1,252,337,1.0,1.0999999999999872
656,37,0,1,252,337,1.0,0.3999999999999872
657,37,0,0,252,338,1.0,0.6999999999999872
658,37,0,0,252,338,1.0,0.9999999999999871
659,37,0,0,252,338,1.0,1.2999999999999872
660,37,0,0,252,338,1.0,0.5999999999999872
661,37,0,0,252,338,1.0,0.8999999999999873
662,37,0,0,252,338,1.0,1.1999999999999873
663,38,0,0,253,338,1.0,0.4999999999999873
664,38,0,0,253,338,1.0,0.7999999999999873
665,38,0,0,253,338,1.0,1.0999999999999872
666,38,0,0,253,338,1.0,0.3999999999999872
667,38,0,0,253,338,1.0,0.6999999999999872
668,38,0,0,253,338,1.0,0.9999999999999871
669,38,0,0,253,338,1.0,1.2999999999999872
670,38,0,0,253,338,1.0,0.5999999999999872
671,38,0,0,253,338,1.0,0.8999999999999873
672,38,0,0,253,338,1.0,1.1999999999999873
673,38,0,0,253,338,1.0,0.4999999999999873
674,38,0,0,253,338,1.0,0.7999999999999873
675,38,0,0,253,338,1.0,1.0999999999999872
676,38,0,0,253,338,1.0,0.3999999999999872
677,38,0,0,253,338,1.0,0.6999999999999872
678,38,0,0,253,338,1.0,0.9999999999999871
679,38,0,0,253,338,1.0,1.2999999999999872
680,38,0,0,253,338,1.0,0.5999999999999872
681,38,0,0,253,338,1.0,0.8999999999999873
682,38,0,0,253,338,1.0,1.1999999999999873
683,38,0,0,253,338,1.0,0.4999999999999873
684,38,0,0,253,338,1.0,0.7999999999999873
685,38,0,0,253,338,1.0,1.0999999999999872
686,38,0,0,253,338,1.0,0.3999999999999872
687,38,0,0,253,338,1.0,0.6999999999999872
688,38,0,0,253,338,1.0,0.9999999999999871
689,38,0,0,253,338,1.0,1.2999999999999872
690,38,0,0,253,338,1.0,0.5999999999999872
691,38,0,0,253,338,1.0,0.8999999999999873
692,38,0,0,253,338,1.0,1.1999999999999873
693,38,0,0,253,338,1.0,0.4999999999999873
694,38,0,0,253,338,1.0,0.7999999999999873
695,40,0,0,255,338,1.0,1.0999999999999872
696,40,0,0,255,338,1.0,0.3999999999999872
697,40,0,0,255,338,1.0,0.6999999999999872
698,40,0,0,255,338,1.0,0.9999999999999871
699,40,0,0,255,338,1.0,1.2999999999999872
700,40,0,0,255,338,1.0,0.5999999999999872
701,40,0,0,255,338,1.0,0.8999999999999873
702,40,0,0,255,338,1.0,1.1999999999999873
703,41,0,0,256,338,1.0,0.4999999999999873
704,41,0,0,256,338,1.0,0.7999999999999873
705,41,0,0,256,338,1.0,1.0999999999999872
706,42,0,0,257,338,1.0,0.3999999999999872
707,42,0,0,257,338,1.0,0.6999999999999872
708,42,0,0,257,338,1.0,0.9999999999999871
709,42,0,0,257,338,1.0,1.2999999999999872
710,41,0,0,257,339,1.0,0.5999999999999872
711,41,0,0,257,339,1.0,0.8999999999999873
712,41,0,0,257,339,1.0,1.1999999999999873
713,41,0,0,257,339,1.0,0.4999999999999873
714,41,0,0,257,339,1.0,0.7999999999999873
715,41,0,0,257,339,1.0,1.0999999999999872
716,41,0,0,257,339,1.0,0.3999999999999872
717,40,0,0,257,340,1.0,0.6999999999999872
718,39,0,0,257,341,1.0,0.9999999999999871
719,39,0,0,257,341,1.0,1.2999999999999872
720,39,0,0,257,341,1.0,0.5999999999999872
721,39,0,0,257,341,1.0,0.8999999999999873
722,39,0,0,257,341,1.0,1.1999999999999873
723,39,0,0,257,341,1.0,0.4999999999999873
724,39,0,0,257,341,1.0,0.7999999999999873
725,39,0,0,257,341,1.0,1.0999999999999872
726,39,0,0,257,341,1.0,0.3999999999999872
727,39,0,0,257,341,1.0,0.6999999999999872
728,39,0,0,257,341,1.0,0.9999999999999871
729,39,0,0,257,341,1.0,1.2999999999999872
730,39,0,0,257,341,1.0,0.5999999999999872
731,39,0,0,257,341,1.0,0.8999999999999873
732,39,0,0,257,341,1.0,1.1999999999999873
733,39,0,0,257,341,1.0,0.4999999999999873
734,39,0,0,257,341,1.0,0.7999999999999873
735,39,0,0,257,341,1.0,1.0999999999999872
736,39,0,0,257,341,1.0,0.3999999999999872
737,39,0,0,257,341,1.0,0.6999999999999872
738,39,0,0,257,341,1.0,0.9999999999999871
739,39,0,0,257,341,1.0,1.2999999999999872
740,39,0,0,257,341,1.0,0.5999999999999872
741,39,0,0,257,341,1.0,0.8999999999999873
742,40,0,0,258,341,1.0,1.1999999999999873
743,41,0,0,259,341,1.0,0.4999999999999873
744,41,0,0,259,341,1.0,0.7999999999999873
745,41,0,0,259,341,1.0,1.0999999999999872
746,42,0,0,260,341,1.0,0.3999999999999872
747,42,0,0,260,341,1.0,0.6999999999999872
748,42,0,0,260,341,1.0,0.9999999999999871
749,42,0,0,260,341,1.0,1.2999999999999872
750,41,0,0,260,342,1.0,0.5999999999999872
751,41,0,0,260,342,1.0,0.8999999999999873
752,41,0,0,260,342,1.0,1.1999999999999873
753,41,0,0,260,342,1.0,0.4999999999999873
754,41,0,0,260,342,1.0,0.7999999999999873
755,41,0,0,260,342,1.0,1.0999999999999872
756,41,0,0,260,342,1.0,0.3999999999999872
757,40,0,0,260,343,1.0,0.6999999999999872
758,40,0,0,260,343,1.0,0.9999999999999871
759,40,0,0,260,343,1.0,1.2999999999999872
760,40,0,0,260,343,1.0,0.5999999999999872
761,40,0,0,260,343,1.0,0.8999999999999873
762,40,0,0,260,343,1.0,1.1999999999999873
763,40,0,0,260,343,1.0,0.4999999999999873
764,40,0,0,260,343,1.0,0.7999999999999873
765,40,0,0,260,343,1.0,1.0999999999999872
766,40,0,0,260,343,1.0,0.3999999999999872
767,40,0,0,260,343,1.0,0.6999999999999872
768,40,0,0,260,343,1.0,0.9999999999999871
769,40,0,0,260,343,1.0,1.2999999999999872
770,40,0,0,260,343,1.0,0.5999999999999872
771,40,0,0,260,343,1.0,0.8999999999999873
772,40,0,0,260,343,1.0,1.1999999999999873
773,40,0,0,260,343,1.0,0.4999999999999873
774,40,0,0,260,343,1.0,0.7999999999999873
775,40,0,0,260,343,1.0,1.0999999999999872
776,40,0,0,260,343,1.0,0.3999999999999872
777,40,0,0,260,343,1.0,0.6999999999999872
778,40,0,0,260,343,1.0,0.9999999999999871
779,40,0,0,260,343,1.0,1.2999999999999872
780,40,0,0,260,343,1.0,0.5999999999999872
781,40,0,0,260,343,1.0,0.8999999999999873
782,41,0,0,261,343,1.0,1.1999999999999873
783,41,0,0,261,343,1.0,0.4999999999999873
784,41,0,0,261,343,1.0,0.7999999999999873
785,41,0,0,261,343,1.0,1.0999999999999872
786,42,0,0,262,343,1.0,0.3999999999999872
787,42,0,0,262,343,1.0,0.6999999999999872
788,42,0,0,262,343,1.0,0.9999999999999871
789,42,0,0,262,343,1.0,1.2999999999999872
790,42,0,0,262,343,1.0,0.5999999999999872
791,42,0,0,262,343,1.0,0.8999999999999873
792,42,0,0,262,343,1.0,1.1999999999999873
793,42,0,0,262,343,1.0,0.4999999999999873
794,42,0,0,262,343,1.0,0.7999999999999873
795,42,0,0,262,343,1.0,1.0999999999999872
796,42,0,0,262,343,1.0,0.3999999999999872
797,42,0,0,262,343,1.0,0.6999999999999872
798,42,0,0,262,343,1.0,0.9999999999999871
799,42,0,0,262,343,1.0,1.2999999999999872
800,42,0,0,262,343,1.0,0.5999999999999872
801,42,0,0,262,343,1.0,0.8999999999999873
802,42,0,0,262,343,1.0,1.1999999999999873
803,42,0,0,262,343,1.0,0.4999999999999873
804,42,0,0,262,343,1.0,0.7999999999999873
805,42,0,0,262,343,1.0,1.0999999999999872
806,43,0,0,263,343,1.0,0.3999999999999872
807,43,0,0,263,343,1.0,0.6999999999999872
808,43,0,0,263,343,1.0,0.9999999999999871
809,43,0,0,263,343,1.0,1.2999999999999872
810,43,0,0,263,343,1.0,0.5999999999999872
811,43,0,0,263,343,1.0,0.8999999999999873
812,44,0,0,264,343,1.0,1.1999999999999873
813,44,0,0,264,343,1.0,0.4999999999999873
814,44,0,0,264,343,1.0,0.7999999999999873
815,44,0,0,264,343,1.0,1.0999999999999872
816,44,0,0,264,343,1.0,0.3999999999999872
817,44,0,0,264,343,1.0,0.6999999999999872
818,44,0,0,264,343,1.0,0.9999999999999871
819,44,0,0,264,343,1.0,1.2999999999999872
820,44,0,0,264,343,1.0,0.5999999999999872
821,44,0,0,264,343,1.0,0.8999999999999873
822,44,0,0,264,343,1.0,1.1999999999999873
823,43,0,0,264,344,1.0,0.4999999999999873
824,43,0,0,264,344,1.0,0.7999999999999873
825,43,0,0,264,344,1.0,1.0999999999999872
826,43,0,0,264,344,1.0,0.3999999999999872
827,43,0,0,264,344,1.0,0.6999999999999872
828,43,0,0,264,344,1.0,0.9999999999999871
829,43,0,0,264,344,1.0,1.2999999999999872
830,43,0,0,264,344,1.0,0.5999999999999872
831,43,0,0,264,344,1.0,0.8999999999999873
832,42,0,0,264,345,1.0,1.1999999999999873
833,42,0,0,264,345,1.0,0.4999999999999873
834,42,0,0,264,345,1.0,0.7999999999999873
835,41,0,0,264,346,1.0,1.0999999999999872
836,41,0,0,264,346,1.0,0.3999999999999872
837,41,0,0,264,346,1.0,0.6999999999999872
838,41,0,0,264,346,1.0,0.9999999999999871
839,41,0,0,264,346,1.0,1.2999999999999872
840,41,0,0,264,346,1.0,0.5999999999999872
841,41,0,0,264,346,1.0,0.8999999999999873
842,41,0,0,264,346,1.0,1.1999999999999873
843,41,0,0,264,346,1.0,0.4999999999999873
844,41,0,0,264,346,1.0,0.7999999999999873
845,41,0,0,264,346,1.0,1.0999999999999872
846,42,0,0,265,346,1.0,0.3999999999999872
847,42,0,0,265,346,1.0,0.6999999999999872
848,42,0,0,265,346,1.0,0.9999999999999871
849,42,0,0,265,346,1.0,1.2999999999999872
850,42,0,0,265,346,1.0,0.5999999999999872
851,42,0,0,265,346,1.0,0.8999999999999873
852,43,0,0,266,346,1.0,1.1999999999999873
853,43,0,0,266,346,1.0,0.4999999999999873
854,43,0,0,266,346,1.0,0.7999999999999873
855,43,0,0,266,346,1.0,1.0999999999999872
856,43,0,0,266,346,1.0,0.3999999999999872
857,44,0,0,267,346,1.0,0.6999999999999872
858,44,0,0,267,346,1.0,0.9999999999999871
859,44,0,0,267,346,1.0,1.2999999999999872
860,44,0,0,267,346,1.0,0.5999999999999872
861,44,0,0,267,346,1.0,0.8999999999999873
862,44,0,0,267,346,1.0,1.1999999999999873
863,43,0,0,267,347,1.0,0.4999999999999873
864,43,0,0,267,347,1.0,0.7999999999999873
865,43,0,0,267,347,1.0,1.0999999999999872
866,43,0,0,267,347,1.0,0.3999999999999872
867,43,0,0,267,347,1.0,0.6999999999999872
868,43,0,0,267,347,1.0,0.9999999999999871
869,43,0,0,267,347,1.0,1.2999999999999872
870,43,0,0,267,347,1.0,0.5999999999999872
871,43,0,0,267,347,1.0,0.8999999999999873
872,43,0,0,267,347,1.0,1.1999999999999873
873,43,0,0,267,347,1.0,0.4999999999999873
874,43,0,0,267,347,1.0,0.7999999999999873
875,44,0,0,268,347,1.0,1.0999999999999872
876,44,0,0,268,347,1.0,0.3999999999999872
877,44,0,0,268,347,1.0,0.6999999999999872
878,44,0,0,268,347,1.0,0.9999999999999871
879,44,0,0,268,347,1.0,1.2999999999999872
880,44,0,0,268,347,1.0,0.5999999999999872
881,44,0,0,268,347,1.0,0.8999999999999873
882,44,0,0,268,347,1.0,1.1999999999999873
883,44,0,0,268,347,1.0,0.4999999999999873
884,44,0,0,268,347,1.0,0.7999999999999873
885,44,0,0,268,347,1.0,1.0999999999999872
886,45,0,0,269,347,1.0,0.3999999999999872
887,45,0,0,269,347,1.0,0.6999999999999872
888,45,0,0,269,347,1.0,0.9999999999999871
889,45,0,0,269,347,1.0,1.2999999999999872
890,45,0,0,269,347,1.0,0.5999999999999872
891,45,0,0,269,347,1.0,0.8999999999999873
892,46,0,0,270,347,1.0,1.1999999999999873
893,46,0,0,270,347,1.0,0.4999999999999873
894,46,0,0,270,347,1.0,0.7999999999999873
895,44,0,0,270,349,1.0,1.0999999999999872
896,44,0,0,270,349,1.0,0.3999999999999872
897,45,0,0,271,349,1.0,0.6999999999999872
898,45,0,0,271,349,1.0,0.9999999999999871
899,45,0,0,271,349,1.0,1.2999999999999872
900,45,0,0,271,349,1.0,0.5999999999999872
901,45,0,0,271,349,1.0,0.8999999999999873
902,45,0,0,271,349,1.0,1.1999999999999873
903,44,0,0,271,350,1.0,0.4999999999999873
904,44,0,0,271,350,1.0,0.7999999999999873
905,44,0,0,271,350,1.0,1.0999999999999872
906,43,0,0,271,351,1.0,0.3999999999999872
907,43,0,0,271,351,1.0,0.6999999999999872
908,43,0,0,271,351,1.0,0.9999999999999871
909,43,0,0,271,351,1.0,1.2999999999999872
910,43,0,0,271,351,1.0,0.5999999999999872
911,43,0,0,271,351,1.0,0.8999999999999873
912,43,0,0,271,351,1.0,1.1999999999999873
913,43,0,0,271,351,1.0,0.4999999999999873
914,43,0,0,271,351,1.0,0.7999999999999873
915,43,0,0,271,351,1.0,1.0999999999999872
916,44,0,0,272,351,1.0,0.3999999999999872
917,44,0,0,272,351,1.0,0.6999999999999872
918,44,0,0,272,351,1.0,0.9999999999999871
919,44,0,0,272,351,1.0,1.2999999999999872
920,44,0,0,272,351,1.0,0.5999999999999872
921,44,0,0,272,351,1.0,0.8999999999999873
922,44,0,0,272,351,1.0,1.1999999999999873
923,44,0,0,272,351,1.0,0.4999999999999873
924,44,0,0,272,351,1.0,0.7999999999999873
925,44,0,0,272,351,1.0,1.0999999999999872
926,45,0,0,273,351,1.0,0.3999999999999872
927,45,0,0,273,351,1.0,0.6999999999999872
928,45,0,0,273,351,1.0,0.9999999999999871
929,45,0,0,273,351,1.0,1.2999999999999872
930,45,0,0,273,351,1.0,0.5999999999999872
931,45,0,0,273,351,1.0,0.8999999999999873
932,45,0,0,273,351,1.0,1.1999999999999873
933,46,0,0,274,351,1.0,0.4999999999999873
934,46,0,0,274,351,1.0,0.7999999999999873
935,46,0,0,274,351,1.0,1.0999999999999872
936,46,0,0,274,351,1.0,0.3999999999999872
937,46,0,0,274,351,1.0,0.6999999999999872
938,46,0,0,274,351,1.0,0.9999999999999871
939,46,0,0,274,351,1.0,1.2999999999999872
940,47,0,0,275,351,1.0,0.5999999999999872
941,47,0,0,275,351,1.0,0.8999999999999873
942,46,0,0,275,352,1.0,1.1999999999999873
943,45,0,0,275,353,1.0,0.4999999999999873
944,45,0,0,275,353,1.0,0.7999999999999873
945,45,0,0,275,353,1.0,1.0999999999999872
946,44,0,0,275,354,1.0,0.3999999999999872
947,44,0,0,275,354,1.0,0.6999999999999872
948,44,0,0,275,354,1.0,0.9999999999999871
949,44,0,0,275,354,1.0,1.2999999999999872
950,44,0,0,275,354,1.0,0.5999999999999872
951,44,0,0,275,354,1.0,0.8999999999999873
952,44,0,0,275,354,1.0,1.1999999999999873
953,44,0,0,275,354,1.0,0.4999999999999873
954,44,0,0,275,354,1.0,0.7999999999999873
955,44,0,0,275,354,1.0,1.0999999999999872
956,44,0,0,275,354,1.0,0.3999999999999872
957,45,0,0,276,354,1.0,0.6999999999999872
958,45,0,0,276,354,1.0,0.9999999999999871
959,45,0,0,276,354,1.0,1.2999999999999872
960,45,0,0,276,354,1.0,0.5999999999999872
961,45,0,0,276,354,1.0,0.8999999999999873
962,45,0,0,276,354,1.0,1.1999999999999873
963,45,0,0,276,354,1.0,0.4999999999999873
964,45,0,0,276,354,1.0,0.7999999999999873
965,45,0,0,276,354,1.0,1.0999999999999872
966,45,0,0,276,354,1.0,0.3999999999999872
967,45,0,0,276,354,1.0,0.6999999999999872
968,45,0,0,276,354,1.0,0.9999999999999871
969,45,0,0,276,354,1.0,1.2999999999999872
970,45,0,0,276,354,1.0,0.5999999999999872
971,45,0,0,276,354,1.0,0.8999999999999873
972,45,0,0,276,354,1.0,1.1999999999999873
973,45,0,0,276,354,1.0,0.4999999999999873
974,45,0,0,276,354,1.0,0.7999999999999873
975,45,0,0,276,354,1.0,1.0999999999999872
976,45,0,0,276,354,1.0,0.3999999999999872
977,45,0,0,276,354,1.0,0.6999999999999872
978,45,0,0,276,354,1.0,0.9999999999999871
979,45,0,0,276,354,1.0,1.2999999999999872
980,45,0,0,276,354,1.0,0.5999999999999872
981,46,0,0,277,354,1.0,0.8999999999999873
982,45,0,0,277,355,1.0,1.1999999999999873
983,45,0,0,277,355,1.0,0.4999999999999873
984,45,0,0,277,355,1.0,0.7999999999999873
985,45,0,0,277,355,1.0,1.0999999999999872
986,44,0,0,277,356,1.0,0.3999999999999872
987,44,0,0,277,356,1.0,0.6999999999999872
988,44,0,0,277,356,1.0,0.9999999999999871
989,44,0,0,277,356,1.0,1.2999999999999872
990,44,0,0,277,356,1.0,0.5999999999999872
991,44,0,0,277,356,1.0,0.8999999999999873
992,44,0,0,277,356,1.0,1.1999999999999873
993,44,0,0,277,356,1.0,0.4999999999999873
994,45,0,0,278,356,1.0,0.7999999999999873
995,45,0,0,278,356,1.0,1.0999999999999872
996,45,0,0,278,356,1.0,0.3999999999999872
997,45,0,0,278,356,1.0,0.6999999999999872
998,46,0,0,279,356,1.0,0.9999999999999871
999,46,0,0,279,356,1.0,1.2999999999999872
1000,46,0,0,279,356,1.0,0.5999999999999872
